config,val_loss,val_acc,train_loss,train_acc,optimizer,scheduler,accuracy,precision,recall,f1_macro,f1_Health,f1_Rust,f1_Other
config58_epochs100_lr0.0001_optSGD_schedStepLR_step30_gamma0.1,0.7105717743285979,73.73737373737374,0.6632247066023338,71.39303482587064,SGD,StepLR,0.6868686868686869,0.6979541816726691,0.6868686868686869,0.6622190193878789,0.4489795918367347,0.7317073170731707,0.8059701492537313
