config,val_loss,val_acc,train_loss,train_acc,optimizer,scheduler,accuracy,precision,recall,f1_macro,f1_Health,f1_Rust,f1_Other
config59_epochs100_lr0.0001_optSGD_schedStepLR_step30_gamma0.5,0.8511573344168036,62.62626262626262,0.6949785096728387,69.65174129353234,SGD,StepLR,0.6161616161616161,0.6054773260655614,0.6161616161616161,0.6090274622205133,0.4262295081967213,0.7142857142857143,0.6865671641791045
