config,val_loss,val_acc,train_loss,train_acc,optimizer,scheduler,accuracy,precision,recall,f1_macro,f1_Health,f1_Rust,f1_Other
config61_epochs100_lr0.0001_optSGD_schedReduceLROnPlateau_step20_gamma0.5,0.8186520151417664,63.63636363636363,0.6830698616469084,69.90049751243781,SGD,ReduceLROnPlateau,0.6767676767676768,0.6916666666666668,0.6767676767676768,0.6729858835121992,0.5964912280701754,0.6923076923076923,0.7301587301587301
