config,val_loss,val_acc,train_loss,train_acc,optimizer,scheduler,accuracy,precision,recall,f1_macro,f1_Health,f1_Rust,f1_Other
config30_epochs50_lr0.0001_optSGD_schedReduceLROnPlateau_step30_gamma0.1,0.7887457704002206,62.62626262626262,0.6154544851673183,72.38805970149254,SGD,ReduceLROnPlateau,0.6565656565656566,0.6805555555555555,0.6565656565656566,0.65627744575113,0.5396825396825397,0.6923076923076923,0.7368421052631579
