config,val_loss,val_acc,train_loss,train_acc,optimizer,scheduler,accuracy,precision,recall,f1_macro,f1_Health,f1_Rust,f1_Other
config63_epochs100_lr0.0001_optSGD_schedReduceLROnPlateau_step30_gamma0.5,0.6976562335033609,71.71717171717172,0.8053617765061298,59.20398009950249,SGD,ReduceLROnPlateau,0.6666666666666666,0.6567871699450647,0.6666666666666666,0.6453232757580584,0.4230769230769231,0.7012987012987013,0.8115942028985508
