config,val_loss,val_acc,train_loss,train_acc,optimizer,scheduler,accuracy,precision,recall,f1_macro,f1_Health,f1_Rust,f1_Other
config30_epochs50_lr0.0001_optSGD_schedReduceLROnPlateau_step30_gamma0.1,0.8394907724977744,57.57575757575758,0.6615171637108077,70.14925373134328,SGD,ReduceLROnPlateau,0.6868686868686869,0.6813131313131313,0.6868686868686869,0.6831879875358137,0.5396825396825397,0.782608695652174,0.7272727272727273
